date,institution,other_corp,individual,foreigner,total
2026/09/23,-399598.0,2154.0,9842.0,387602.0,0.0
2026/09/22,-919126.0,132345.0,274796.0,511986.0,0.0
2026/09/21,-1099892.0,1715.0,-83550.0,1181727.0,0.0
2026/09/18,-1333592.0,-18898.0,-178708.0,1531198.0,0.0
2026/09/17,-477818.0,10816.0,247975.0,219027.0,0.0
2026/09/16,-139824.0,-142526.0,-244574.0,526923.0,0.0
2026/09/15,1581797.0,65768.0,-28063.0,-1619502.0,0.0
2026/09/14,698335.0,-32015.0,91213.0,-757534.0,0.0
2026/09/11,1063247.0,-73309.0,-310180.0,-679758.0,0.0
2026/09/10,1840942.0,9703.0,96831.0,-1947476.0,0.0
2026/09/09,-339957.0,31693.0,-295635.0,603900.0,0.0
2026/09/08,-1276408.0,101736.0,809218.0,365453.0,0.0
2026/09/07,-2848109.0,18027.0,-160215.0,2990297.0,0.0
2026/09/04,-1921805.0,-24389.0,-103314.0,2049508.0,0.0
2026/09/03,-322872.0,-107956.0,-376784.0,807613.0,0.0
2026/09/02,1577935.0,78419.0,464084.0,-2120438.0,0.0
2026/09/01,736505.0,102894.0,23945.0,-863344.0,0.0
2026/08/31,33276.0,-89215.0,-304813.0,360752.0,0.0
2026/08/28,-760306.0,-5599.0,152191.0,613714.0,0.0
2026/08/27,-1579836.0,13143.0,-19964.0,1586657.0,0.0
2026/08/26,-1284195.0,-824.0,246968.0,1038052.0,0.0
2026/08/25,392423.0,-9395.0,-280840.0,-102188.0,0.0
2026/08/24,-872186.0,-44449.0,221909.0,694726.0,0.0
2026/08/21,-199147.0,21301.0,-139546.0,317393.0,0.0
2026/08/20,2204953.0,-3405.0,-331135.0,-1870413.0,0.0
2026/08/19,552622.0,-128003.0,-340688.0,-83931.0,0.0
2026/08/18,-615177.0,20186.0,370990.0,224002.0,0.0
2026/08/14,316793.0,19375.0,-26029.0,-310139.0,0.0
2026/08/13,62241.0,-11081.0,77463.0,-128623.0,0.0
2026/08/12,-145890.0,162039.0,263214.0,-279364.0,0.0
2026/08/11,123322.0,-54051.0,-545827.0,476556.0,0.0
2026/08/10,-701661.0,-48421.0,202975.0,547107.0,0.0
2026/08/07,-766180.0,-51758.0,-144429.0,962367.0,0.0
2026/08/06,-414031.0,-8401.0,13546.0,408886.0,0.0
2026/08/05,399807.0,138274.0,311261.0,-849342.0,0.0
2026/08/04,825596.0,2288.0,-169425.0,-658460.0,0.0
2026/08/03,3762532.0,-99150.0,159388.0,-3822770.0,0.0
2026/07/31,338663.0,87111.0,-350955.0,-74819.0,0.0
2026/07/30,212773.0,38948.0,43683.0,-295405.0,0.0
2026/07/29,-1529695.0,-43906.0,-138981.0,1712582.0,0.0
2026/07/28,-1373984.0,101192.0,106706.0,1166086.0,0.0
2026/07/27,633850.0,-182718.0,104734.0,-555866.0,0.0
2026/07/24,-3550.0,-11929.0,91368.0,-75889.0,0.0
2026/07/23,864680.0,17332.0,-225164.0,-656848.0,0.0
2026/07/22,-227754.0,11669.0,258712.0,-42627.0,0.0
2026/07/21,652470.0,69072.0,-42083.0,-679459.0,0.0
2026/07/20,-1000043.0,-63584.0,52887.0,1010740.0,0.0
2026/07/16,-321026.0,-36239.0,-344161.0,701426.0,0.0
2026/07/15,1208315.0,140144.0,315350.0,-1663808.0,0.0
2026/07/14,-1289038.0,8916.0,-349954.0,1630076.0,0.0
2026/07/13,-1170063.0,-146708.0,-1559.0,1318331.0,0.0
2026/07/10,630868.0,128593.0,14313.0,-773774.0,0.0
2026/07/09,-1009555.0,57905.0,205591.0,746058.0,0.0
2026/07/08,-1945542.0,28316.0,283498.0,1633728.0,0.0
2026/07/07,-988755.0,-29534.0,136297.0,881992.0,0.0
2026/07/06,1067228.0,-80122.0,127328.0,-1114434.0,0.0
2026/07/03,-404451.0,188862.0,34076.0,181513.0,0.0
2026/07/02,-2751139.0,-35349.0,-418304.0,3204792.0,0.0
2026/07/01,-838720.0,-336454.0,-589487.0,1764661.0,0.0
2026/06/30,206327.0,225462.0,402644.0,-834432.0,0.0
2026/06/29,-328441.0,-22366.0,259664.0,91143.0,0.0
2026/06/26,-309366.0,-163332.0,-907169.0,1379866.0,0.0
2026/06/25,1892216.0,125636.0,820195.0,-2838047.0,0.0
2026/06/24,2774907.0,15853.0,-497453.0,-2293306.0,0.0
2026/06/23,-1650956.0,-74035.0,-415868.0,2140859.0,0.0
2026/06/22,822223.0,-130030.0,-515985.0,-176208.0,0.0
2026/06/19,-1278691.0,-71613.0,-126280.0,1476584.0,0.0
2026/06/18,202866.0,26783.0,334268.0,-563916.0,0.0
2026/06/17,611529.0,55442.0,115080.0,-782050.0,0.0
2026/06/16,-210162.0,666.0,68189.0,141307.0,0.0
2026/06/15,-34318.0,-917.0,-58844.0,94079.0,0.0
2026/06/12,-830895.0,23302.0,440737.0,366855.0,0.0
2026/06/11,147706.0,37069.0,9339.0,-194113.0,0.0
2026/06/10,-676139.0,-64971.0,-89748.0,830859.0,0.0
2026/06/09,2240803.0,245860.0,-94452.0,-2392212.0,0.0
2026/06/08,-787934.0,-119620.0,-402629.0,1310182.0,0.0
2026/06/05,-541689.0,-100153.0,-395611.0,1037453.0,0.0
2026/06/04,-450986.0,-10133.0,-338068.0,799186.0,0.0
2026/06/02,768973.0,-16739.0,146255.0,-898488.0,0.0
2026/06/01,-284636.0,194425.0,630867.0,-540656.0,0.0
2026/05/29,-1635690.0,-45341.0,-43226.0,1724257.0,0.0
2026/05/28,1161929.0,-279942.0,-457111.0,-424875.0,0.0
2026/05/27,-156810.0,74534.0,-13463.0,95739.0,0.0
2026/05/26,51514.0,-7243.0,19715.0,-63986.0,0.0
2026/05/22,-902138.0,119364.0,697486.0,85288.0,0.0
2026/05/21,1500115.0,83933.0,-204019.0,-1380028.0,0.0
2026/05/20,396656.0,-22000.0,-28135.0,-346521.0,0.0
2026/05/19,-399696.0,-9866.0,224559.0,185002.0,0.0
2026/05/18,333273.0,-4689.0,-337474.0,8890.0,0.0
2026/05/15,-510300.0,-172658.0,-186819.0,869778.0,0.0
2026/05/14,1249968.0,84849.0,259369.0,-1594186.0,0.0
2026/05/13,1540458.0,108946.0,406978.0,-2056382.0,0.0
2026/05/12,577952.0,-120025.0,-544602.0,86676.0,0.0
2026/05/11,1154405.0,-3017.0,-231335.0,-920054.0,0.0
2026/05/08,1139434.0,-4790.0,173126.0,-1307770.0,0.0
2026/05/07,1500331.0,-149106.0,-426967.0,-924257.0,0.0
2026/05/06,1989591.0,32158.0,303857.0,-2325605.0,0.0
2026/05/04,-727826.0,7756.0,-280149.0,1000219.0,0.0
2026/04/30,-400314.0,-3527.0,-40786.0,444626.0,0.0
2026/04/29,965643.0,4089.0,-96114.0,-873618.0,0.0
2026/04/28,328540.0,573.0,147831.0,-476945.0,0.0
2026/04/27,-378620.0,12292.0,-63049.0,429377.0,0.0
2026/04/24,-73131.0,-4090.0,93521.0,-16300.0,0.0
2026/04/23,-273368.0,23199.0,-184325.0,434494.0,0.0
2026/04/22,789794.0,11256.0,4430.0,-805481.0,0.0
2026/04/21,77510.0,15507.0,-47797.0,-45219.0,0.0
2026/04/20,-561035.0,26071.0,194290.0,340674.0,0.0
2026/04/17,139269.0,-1638.0,131799.0,-269429.0,0.0
2026/04/16,-660709.0,-14381.0,-54218.0,729307.0,0.0
2026/04/15,-912586.0,519.0,316558.0,595509.0,0.0
2026/04/14,-1801561.0,-11896.0,194074.0,1619383.0,0.0
2026/04/13,341385.0,33654.0,-161497.0,-213542.0,0.0
2026/04/10,-192808.0,-36183.0,-132564.0,361556.0,0.0
2026/04/09,-529919.0,-5531.0,157410.0,378040.0,0.0
2026/04/08,-2268224.0,61945.0,537592.0,1668687.0,0.0
2026/04/07,126107.0,-10262.0,-211860.0,96015.0,0.0
2026/04/06,-244480.0,16978.0,238574.0,-11073.0,0.0
2026/04/03,-68671.0,-12694.0,-108259.0,189624.0,0.0
2026/04/02,520124.0,-18456.0,-524898.0,23230.0,0.0
2026/04/01,-2036586.0,100027.0,571750.0,1364809.0,0.0
2026/03/31,-277404.0,35323.0,109069.0,133012.0,0.0
2026/03/30,-213148.0,-2948.0,216932.0,-837.0,0.0
2026/03/27,642360.0,-6569.0,-196960.0,-438831.0,0.0
2026/03/26,78698.0,-3872.0,-395495.0,320668.0,0.0
2026/03/25,-1876370.0,-13601.0,281872.0,1608099.0,0.0
2026/03/24,-517551.0,-44199.0,178060.0,383690.0,0.0
2026/03/23,2977544.0,7126.0,-745487.0,-2239182.0,0.0
2026/03/20,363805.0,7258.0,-42438.0,-328625.0,0.0
2026/03/19,1369333.0,-24700.0,336087.0,-1680719.0,0.0
2026/03/18,-1959336.0,47228.0,211907.0,1700201.0,0.0
2026/03/17,-106574.0,-41446.0,160512.0,-12493.0,0.0
2026/03/16,672214.0,222.0,-4421.0,-668016.0,0.0
2026/03/13,808085.0,-40034.0,-712412.0,-55639.0,0.0
2026/03/12,1057125.0,66874.0,302403.0,-1426402.0,0.0
2026/03/11,-539714.0,81799.0,372354.0,85561.0,0.0
2026/03/10,260975.0,-22860.0,134021.0,-372137.0,0.0
2026/03/09,1175676.0,20605.0,107409.0,-1303690.0,0.0
2026/03/06,1545580.0,701.0,15694.0,-1561975.0,0.0
2026/03/05,3469319.0,-60173.0,-859244.0,-2549903.0,0.0
2026/03/04,-1145923.0,-50530.0,-1067341.0,2263794.0,0.0
2026/03/03,689151.0,-200810.0,-129293.0,-359048.0,0.0
2026/02/27,2102110.0,-54787.0,717866.0,-2765189.0,0.0
2026/02/26,936878.0,-48119.0,-474486.0,-414272.0,0.0
2026/02/25,628043.0,109279.0,326752.0,-1064073.0,0.0
2026/02/24,-1056106.0,95982.0,338626.0,621497.0,0.0
2026/02/23,1179916.0,15359.0,259999.0,-1455275.0,0.0
2026/02/20,-489217.0,-77106.0,-239616.0,805939.0,0.0
2026/02/19,-290992.0,-3716.0,-134005.0,428713.0,0.0
2026/02/13,-506047.0,49553.0,390552.0,65943.0,0.0
2026/02/12,-1257704.0,49951.0,-336356.0,1544109.0,0.0
2026/02/11,-388459.0,9589.0,12641.0,366229.0,0.0
2026/02/10,-1092798.0,-12966.0,236592.0,869172.0,0.0
2026/02/09,-1684429.0,51393.0,-34360.0,1667397.0,0.0
2026/02/06,454036.0,-18833.0,-102877.0,-332326.0,0.0
2026/02/05,2452883.0,-115465.0,-365766.0,-1971652.0,0.0
2026/02/04,-357863.0,87903.0,552602.0,-282642.0,0.0
2026/02/03,298670.0,27226.0,-938293.0,612397.0,0.0
2026/02/02,1448805.0,-96381.0,225437.0,-1577861.0,0.0
2026/01/30,561893.0,6441.0,-202208.0,-366126.0,0.0
2026/01/29,809488.0,-31231.0,320853.0,-1099110.0,0.0
2026/01/28,1200039.0,86130.0,290403.0,-1576572.0,0.0
2026/01/27,-157049.0,-2622.0,-403972.0,563643.0,0.0
2026/01/26,298704.0,24865.0,551451.0,-875020.0,0.0
2026/01/23,326104.0,-1836.0,-428764.0,104496.0,0.0
2026/01/22,-20252.0,68879.0,545615.0,-594243.0,0.0
2026/01/21,-146648.0,-113183.0,-694940.0,954771.0,0.0
2026/01/20,118010.0,-45693.0,108728.0,-181044.0,0.0
2026/01/19,-279234.0,67293.0,43848.0,168092.0,0.0
2026/01/16,437676.0,38298.0,322195.0,-798168.0,0.0
2026/01/15,-9105.0,-1686.0,319030.0,-308239.0,0.0
2026/01/14,125570.0,-39964.0,-7107.0,-78499.0,0.0
2026/01/13,-478672.0,19403.0,137997.0,321272.0,0.0
2026/01/12,427968.0,-51385.0,-285573.0,-91010.0,0.0
2026/01/09,-42812.0,39517.0,-296465.0,299760.0,0.0
2026/01/08,-779763.0,-49285.0,-24931.0,853979.0,0.0
2026/01/07,735759.0,-20350.0,159508.0,-874917.0,0.0
2026/01/06,731610.0,49275.0,-50910.0,-729975.0,0.0
2026/01/05,680317.0,29780.0,266193.0,-976291.0,0.0
2026/01/02,699295.0,20640.0,-10238.0,-709697.0,0.0
2025/12/30,-550699.0,31376.0,199930.0,319393.0,0.0
2025/12/29,-509146.0,-5605.0,-252401.0,767153.0,0.0
2025/12/26,-504592.0,-3946.0,-200301.0,708839.0,0.0
2025/12/24,-329801.0,12474.0,125557.0,191770.0,0.0
2025/12/23,-367035.0,8588.0,62414.0,296034.0,0.0
2025/12/22,-855932.0,6704.0,-78920.0,928147.0,0.0
2025/12/19,-259934.0,9626.0,18994.0,231315.0,0.0
2025/12/18,-18548.0,3678.0,312046.0,-297176.0,0.0
2025/12/17,52733.0,26765.0,-232000.0,152501.0,0.0
2025/12/16,463124.0,-57581.0,-89670.0,-315873.0,0.0
2025/12/15,537187.0,-3108.0,169013.0,-703092.0,0.0
2025/12/12,-850590.0,-33662.0,-122923.0,1007175.0,0.0
2025/12/11,-547318.0,21661.0,157410.0,368247.0,0.0
2025/12/10,85680.0,-1301.0,-76913.0,-7466.0,0.0
2025/12/09,102743.0,-1573.0,180012.0,-281181.0,0.0
2025/12/08,362925.0,20703.0,-11197.0,-372431.0,0.0
2025/12/05,-722775.0,-14605.0,-102297.0,839676.0,0.0
2025/12/04,429000.0,26680.0,17607.0,-473288.0,0.0
2025/12/03,-786755.0,8268.0,198470.0,580017.0,0.0
2025/12/02,-415436.0,2701.0,-247656.0,660391.0,0.0
2025/12/01,-406940.0,-38148.0,-369361.0,814449.0,0.0
2025/11/28,19961.0,2087.0,261385.0,-283434.0,0.0
2025/11/27,168717.0,38137.0,197242.0,-404095.0,0.0
2025/11/26,-425546.0,59666.0,49061.0,316819.0,0.0
2025/11/25,77547.0,-8556.0,-70707.0,1716.0,0.0
2025/11/24,-1074098.0,-29624.0,-199323.0,1303044.0,0.0
2025/11/21,-249158.0,24244.0,140750.0,84164.0,0.0
2025/11/20,-517158.0,-3525.0,23988.0,496695.0,0.0
2025/11/19,-128458.0,-16887.0,-227208.0,372553.0,0.0
2025/11/18,342477.0,-2956.0,24563.0,-364084.0,0.0
2025/11/17,288157.0,-25959.0,-432569.0,170371.0,0.0
2025/11/14,513356.0,-7415.0,141422.0,-647362.0,0.0
2025/11/13,61583.0,24103.0,170856.0,-256542.0,0.0
2025/11/12,-548508.0,25547.0,155325.0,367636.0,0.0
2025/11/11,332275.0,54896.0,-43527.0,-343644.0,0.0
2025/11/10,-305430.0,-27476.0,-335088.0,667994.0,0.0
2025/11/07,78879.0,-39279.0,-207285.0,167685.0,0.0
2025/11/06,-699999.0,-127962.0,53769.0,774193.0,0.0
2025/11/05,792466.0,30424.0,-876205.0,53314.0,0.0
2025/11/04,1004687.0,31554.0,900517.0,-1936758.0,0.0
2025/11/03,592848.0,-17473.0,-60247.0,-515128.0,0.0
2025/10/31,213168.0,-21414.0,-101040.0,-90714.0,0.0
2025/10/30,99746.0,-9348.0,78551.0,-168950.0,0.0
2025/10/29,99207.0,-2263.0,15300.0,-112245.0,0.0
2025/10/28,1032238.0,78900.0,510844.0,-1621982.0,0.0
2025/10/27,704836.0,48859.0,605340.0,-1359034.0,0.0
2025/10/24,-808668.0,-13417.0,-146828.0,968913.0,0.0
2025/10/23,251111.0,-64510.0,-159505.0,-27096.0,0.0
2025/10/22,522623.0,-24239.0,-86042.0,-412342.0,0.0
2025/10/21,176357.0,10398.0,309225.0,-495979.0,0.0
2025/10/20,222559.0,-6167.0,-38312.0,-178079.0,0.0
2025/10/17,-11587.0,20716.0,179314.0,-188443.0,0.0
2025/10/16,209630.0,20196.0,-68632.0,-161194.0,0.0
2025/10/15,-274825.0,-43382.0,-424734.0,742940.0,0.0
2025/10/14,527117.0,-40676.0,-28860.0,-457582.0,0.0
2025/10/13,719651.0,4191.0,317517.0,-1041359.0,0.0
2025/10/10,1074370.0,13691.0,13148.0,-1101209.0,0.0
2025/10/02,-354166.0,129388.0,429694.0,-204916.0,0.0
2025/10/01,-715328.0,12614.0,457703.0,245011.0,0.0
2025/09/30,-44936.0,9842.0,-60031.0,95125.0,0.0
2025/09/29,-641035.0,-113923.0,-384784.0,1139742.0,0.0
2025/09/26,451596.0,71873.0,-177409.0,-346060.0,0.0
2025/09/25,-154843.0,-49646.0,-335103.0,539592.0,0.0
2025/09/24,14989.0,-11831.0,218609.0,-221767.0,0.0
2025/09/23,-61291.0,8352.0,-9449.0,62388.0,0.0
