ticker,name,provided_10group,gics_sector,gics_industry_group,gics_industry,market_cap_avg_placeholder,trading_value_avg_placeholder,krics_sector_L1,krics_group_L2,krics_status,source,base_date
007340,DN오토모티브,경기소비재,Consumer Discretionary,Auto Components,,,,pending_20261026,pending_20261026,pending_20261026,KRX+Wiki 193 + 7 missing estimated,2026-09-29
383220,F&F,경기소비재,Consumer Discretionary,Textiles Apparel,,,,pending_20261026,pending_20261026,pending_20261026,KRX+Wiki 193 + 7 missing estimated,2026-09-29
204320,HL만도,경기소비재,Consumer Discretionary,Auto Components,,,,pending_20261026,pending_20261026,pending_20261026,KRX+Wiki 193 + 7 missing estimated,2026-09-29
035250,강원랜드,경기소비재,Consumer Discretionary,Casinos,,,,pending_20261026,pending_20261026,pending_20261026,KRX+Wiki 193 + 7 missing estimated,2026-09-29
073240,금호타이어,경기소비재,Consumer Discretionary,Auto Components,,,,pending_20261026,pending_20261026,pending_20261026,KRX+Wiki 193 + 7 missing estimated,2026-09-29
000270,기아,경기소비재,Consumer Discretionary,Automobiles,,,,pending_20261026,pending_20261026,pending_20261026,KRX+Wiki 193 + 7 missing estimated,2026-09-29
192080,더블유게임즈,경기소비재,Communication Services,Interactive Media,,,,pending_20261026,pending_20261026,pending_20261026,KRX+Wiki 193 + 7 missing estimated,2026-09-29
023530,롯데쇼핑,경기소비재,Consumer Discretionary,Multiline Retail,,,,pending_20261026,pending_20261026,pending_20261026,KRX+Wiki 193 + 7 missing estimated,2026-09-29
081660,미스토홀딩스,경기소비재,Consumer Discretionary,Textiles,,,,pending_20261026,pending_20261026,pending_20261026,KRX+Wiki 193 + 7 missing estimated,2026-09-29
004170,신세계,경기소비재,Consumer Discretionary,Department Stores,,,,pending_20261026,pending_20261026,pending_20261026,KRX+Wiki 193 + 7 missing estimated,2026-09-29
005850,에스엘,경기소비재,Consumer Discretionary,Auto Components,,,,pending_20261026,pending_20261026,pending_20261026,KRX+Wiki 193 + 7 missing estimated,2026-09-29
111770,영원무역,경기소비재,Consumer Discretionary,Textiles,,,,pending_20261026,pending_20261026,pending_20261026,KRX+Wiki 193 + 7 missing estimated,2026-09-29
009970,영원무역홀딩스,경기소비재,Consumer Discretionary,Textiles,,,,pending_20261026,pending_20261026,pending_20261026,KRX+Wiki 193 + 7 missing estimated,2026-09-29
021240,코웨이,경기소비재,Consumer Discretionary,Household Durables,,,,pending_20261026,pending_20261026,pending_20261026,KRX+Wiki 193 + 7 missing estimated,2026-09-29
034230,파라다이스,경기소비재,Consumer Discretionary,Casinos,,,,pending_20261026,pending_20261026,pending_20261026,KRX+Wiki 193 + 7 missing estimated,2026-09-29
000240,한국앤컴퍼니,경기소비재,Consumer Discretionary,Auto Components,,,,pending_20261026,pending_20261026,pending_20261026,KRX+Wiki 193 + 7 missing estimated,2026-09-29
161390,한국타이어앤테크놀로지,경기소비재,Consumer Discretionary,Auto Components,,,,pending_20261026,pending_20261026,pending_20261026,KRX+Wiki 193 + 7 missing estimated,2026-09-29
009240,한샘,경기소비재,Consumer Discretionary,Home Furnishing,,,,pending_20261026,pending_20261026,pending_20261026,KRX+Wiki 193 + 7 missing estimated,2026-09-29
018880,한온시스템,경기소비재,Consumer Discretionary,Auto Components,,,,pending_20261026,pending_20261026,pending_20261026,KRX+Wiki 193 + 7 missing estimated,2026-09-29
180640,한진칼,경기소비재,Industrials,Airlines,,,,pending_20261026,pending_20261026,pending_20261026,KRX+Wiki 193 + 7 missing estimated,2026-09-29
012330,현대모비스,경기소비재,Consumer Discretionary,Auto Components,,,,pending_20261026,pending_20261026,pending_20261026,KRX+Wiki 193 + 7 missing estimated,2026-09-29
069960,현대백화점,경기소비재,Consumer Discretionary,Department Stores,,,,pending_20261026,pending_20261026,pending_20261026,KRX+Wiki 193 + 7 missing estimated,2026-09-29
011210,현대위아,경기소비재,Consumer Discretionary,Auto Components,,,,pending_20261026,pending_20261026,pending_20261026,KRX+Wiki 193 + 7 missing estimated,2026-09-29
005380,현대차,경기소비재,Consumer Discretionary,Automobiles,,,,pending_20261026,pending_20261026,pending_20261026,KRX+Wiki 193 + 7 missing estimated,2026-09-29
008770,호텔신라,경기소비재,Consumer Discretionary,Hotels,,,,pending_20261026,pending_20261026,pending_20261026,KRX+Wiki 193 + 7 missing estimated,2026-09-29
004800,효성,경기소비재,Industrials,Conglomerates,,,,pending_20261026,pending_20261026,pending_20261026,KRX+Wiki 193 + 7 missing estimated,2026-09-29
138930,BNK금융지주,금융,Financials,Banks,,,,pending_20261026,pending_20261026,pending_20261026,KRX+Wiki 193 + 7 missing estimated,2026-09-29
005830,DB손해보험,금융,Financials,Insurance,,,,pending_20261026,pending_20261026,pending_20261026,KRX+Wiki 193 + 7 missing estimated,2026-09-29
175330,JB금융지주,금융,Financials,Banks,,,,pending_20261026,pending_20261026,pending_20261026,KRX+Wiki 193 + 7 missing estimated,2026-09-29
105560,KB금융,금융,Financials,Banks,,,,pending_20261026,pending_20261026,pending_20261026,KRX+Wiki 193 + 7 missing estimated,2026-09-29
005940,NH투자증권,금융,Financials,Capital Markets,,,,pending_20261026,pending_20261026,pending_20261026,KRX+Wiki 193 + 7 missing estimated,2026-09-29
139130,DGB금융지주,금융,Financials,Banks,,,,pending_20261026,pending_20261026,pending_20261026,KRX+Wiki 193 + 7 missing estimated,2026-09-29
024110,기업은행,금융,Financials,Banks,,,,pending_20261026,pending_20261026,pending_20261026,KRX+Wiki 193 + 7 missing estimated,2026-09-29
138040,메리츠금융지주,금융,Financials,Financial Services,,,,pending_20261026,pending_20261026,pending_20261026,KRX+Wiki 193 + 7 missing estimated,2026-09-29
006800,미래에셋증권,금융,Financials,Capital Markets,,,,pending_20261026,pending_20261026,pending_20261026,KRX+Wiki 193 + 7 missing estimated,2026-09-29
032830,삼성생명,금융,Financials,Insurance,,,,pending_20261026,pending_20261026,pending_20261026,KRX+Wiki 193 + 7 missing estimated,2026-09-29
016360,삼성증권,금융,Financials,Capital Markets,,,,pending_20261026,pending_20261026,pending_20261026,KRX+Wiki 193 + 7 missing estimated,2026-09-29
029780,삼성카드,금융,Financials,Consumer Finance,,,,pending_20261026,pending_20261026,pending_20261026,KRX+Wiki 193 + 7 missing estimated,2026-09-29
000810,삼성화재,금융,Financials,Insurance,,,,pending_20261026,pending_20261026,pending_20261026,KRX+Wiki 193 + 7 missing estimated,2026-09-29
055550,신한지주,금융,Financials,Banks,,,,pending_20261026,pending_20261026,pending_20261026,KRX+Wiki 193 + 7 missing estimated,2026-09-29
316140,우리금융지주,금융,Financials,Banks,,,,pending_20261026,pending_20261026,pending_20261026,KRX+Wiki 193 + 7 missing estimated,2026-09-29
323410,카카오뱅크,금융,Financials,Banks,,,,pending_20261026,pending_20261026,pending_20261026,KRX+Wiki 193 + 7 missing estimated,2026-09-29
377300,카카오페이,금융,Financials,Financial Services,,,,pending_20261026,pending_20261026,pending_20261026,KRX+Wiki 193 + 7 missing estimated,2026-09-29
039490,키움증권,금융,Financials,Capital Markets,,,,pending_20261026,pending_20261026,pending_20261026,KRX+Wiki 193 + 7 missing estimated,2026-09-29
086790,하나금융지주,금융,Financials,Banks,,,,pending_20261026,pending_20261026,pending_20261026,KRX+Wiki 193 + 7 missing estimated,2026-09-29
071050,한국금융지주,금융,Financials,Capital Markets,,,,pending_20261026,pending_20261026,pending_20261026,KRX+Wiki 193 + 7 missing estimated,2026-09-29
088350,한화생명,금융,Financials,Insurance,,,,pending_20261026,pending_20261026,pending_20261026,KRX+Wiki 193 + 7 missing estimated,2026-09-29
001450,현대해상,금융,Financials,Insurance,,,,pending_20261026,pending_20261026,pending_20261026,KRX+Wiki 193 + 7 missing estimated,2026-09-29
000120,CJ대한통운,산업재,Industrials,Transportation,,,,pending_20261026,pending_20261026,pending_20261026,KRX+Wiki 193 + 7 missing estimated,2026-09-29
443060,HD현대마린솔루션,산업재,Industrials,Marine,,,,pending_20261026,pending_20261026,pending_20261026,KRX+Wiki 193 + 7 missing estimated,2026-09-29
011200,HMM,산업재,Industrials,Marine,,,,pending_20261026,pending_20261026,pending_20261026,KRX+Wiki 193 + 7 missing estimated,2026-09-29
373220,LG에너지솔루션,산업재,Industrials,Electrical Equipment,,,,pending_20261026,pending_20261026,pending_20261026,KRX+Wiki 193 + 7 missing estimated,2026-09-29
079550,LIG넥스원,산업재,Industrials,Aerospace & Defense,,,,pending_20261026,pending_20261026,pending_20261026,KRX+Wiki 193 + 7 missing estimated,2026-09-29
006260,LS,산업재,Industrials,Conglomerates,,,,pending_20261026,pending_20261026,pending_20261026,KRX+Wiki 193 + 7 missing estimated,2026-09-29
010120,LS ELECTRIC,산업재,Industrials,Electrical Equipment,,,,pending_20261026,pending_20261026,pending_20261026,KRX+Wiki 193 + 7 missing estimated,2026-09-29
361610,SK아이이테크놀로지,산업재,Materials,Chemicals,,,,pending_20261026,pending_20261026,pending_20261026,KRX+Wiki 193 + 7 missing estimated,2026-09-29
001440,대한전선,산업재,Industrials,Electrical Equipment,,,,pending_20261026,pending_20261026,pending_20261026,KRX+Wiki 193 + 7 missing estimated,2026-09-29
003490,대한항공,산업재,Industrials,Airlines,,,,pending_20261026,pending_20261026,pending_20261026,KRX+Wiki 193 + 7 missing estimated,2026-09-29
012750,에스원,산업재,Industrials,Commercial Services,,,,pending_20261026,pending_20261026,pending_20261026,KRX+Wiki 193 + 7 missing estimated,2026-09-29
450080,에코프로머티,산업재,Materials,Chemicals,,,,pending_20261026,pending_20261026,pending_20261026,KRX+Wiki 193 + 7 missing estimated,2026-09-29
066970,엘앤에프,산업재,Materials,Chemicals,,,,pending_20261026,pending_20261026,pending_20261026,KRX+Wiki 193 + 7 missing estimated,2026-09-29
028670,팬오션,산업재,Industrials,Marine,,,,pending_20261026,pending_20261026,pending_20261026,KRX+Wiki 193 + 7 missing estimated,2026-09-29
047050,포스코인터내셔널,산업재,Industrials,Trading Companies,,,,pending_20261026,pending_20261026,pending_20261026,KRX+Wiki 193 + 7 missing estimated,2026-09-29
003670,포스코퓨처엠,산업재,Materials,Chemicals,,,,pending_20261026,pending_20261026,pending_20261026,KRX+Wiki 193 + 7 missing estimated,2026-09-29
047810,한국항공우주,산업재,Industrials,Aerospace & Defense,,,,pending_20261026,pending_20261026,pending_20261026,KRX+Wiki 193 + 7 missing estimated,2026-09-29
272210,한화시스템,산업재,Industrials,Aerospace & Defense,,,,pending_20261026,pending_20261026,pending_20261026,KRX+Wiki 193 + 7 missing estimated,2026-09-29
012450,한화에어로스페이스,산업재,Industrials,Aerospace & Defense,,,,pending_20261026,pending_20261026,pending_20261026,KRX+Wiki 193 + 7 missing estimated,2026-09-29
086280,현대글로비스,산업재,Industrials,Transportation,,,,pending_20261026,pending_20261026,pending_20261026,KRX+Wiki 193 + 7 missing estimated,2026-09-29
282330,BGF리테일,생활소비재,Consumer Staples,Food & Staples Retail,,,,pending_20261026,pending_20261026,pending_20261026,KRX+Wiki 193 + 7 missing estimated,2026-09-29
001040,CJ,생활소비재,Consumer Staples,Food Products,,,,pending_20261026,pending_20261026,pending_20261026,KRX+Wiki 193 + 7 missing estimated,2026-09-29
097950,CJ제일제당,생활소비재,Consumer Staples,Food Products,,,,pending_20261026,pending_20261026,pending_20261026,KRX+Wiki 193 + 7 missing estimated,2026-09-29
007070,GS리테일,생활소비재,Consumer Staples,Food & Staples Retail,,,,pending_20261026,pending_20261026,pending_20261026,KRX+Wiki 193 + 7 missing estimated,2026-09-29
033780,KT&G,생활소비재,Consumer Staples,Tobacco,,,,pending_20261026,pending_20261026,pending_20261026,KRX+Wiki 193 + 7 missing estimated,2026-09-29
051900,LG생활건강,생활소비재,Consumer Staples,Household Products,,,,pending_20261026,pending_20261026,pending_20261026,KRX+Wiki 193 + 7 missing estimated,2026-09-29
004370,농심,생활소비재,Consumer Staples,Food Products,,,,pending_20261026,pending_20261026,pending_20261026,KRX+Wiki 193 + 7 missing estimated,2026-09-29
483650,달바글로벌,생활소비재,Consumer Staples,Personal Products,,,,pending_20261026,pending_20261026,pending_20261026,KRX+Wiki 193 + 7 missing estimated,2026-09-29
001680,대상,생활소비재,Consumer Staples,Food Products,,,,pending_20261026,pending_20261026,pending_20261026,KRX+Wiki 193 + 7 missing estimated,2026-09-29
026960,동서,생활소비재,Consumer Staples,Food Products,,,,pending_20261026,pending_20261026,pending_20261026,KRX+Wiki 193 + 7 missing estimated,2026-09-29
006040,동원산업,생활소비재,Consumer Staples,Food Products,,,,pending_20261026,pending_20261026,pending_20261026,KRX+Wiki 193 + 7 missing estimated,2026-09-29
280360,롯데웰푸드,생활소비재,Consumer Staples,Food Products,,,,pending_20261026,pending_20261026,pending_20261026,KRX+Wiki 193 + 7 missing estimated,2026-09-29
004990,롯데지주,생활소비재,Consumer Staples,Conglomerates,,,,pending_20261026,pending_20261026,pending_20261026,KRX+Wiki 193 + 7 missing estimated,2026-09-29
005300,롯데칠성,생활소비재,Consumer Staples,Beverages,,,,pending_20261026,pending_20261026,pending_20261026,KRX+Wiki 193 + 7 missing estimated,2026-09-29
003230,삼양식품,생활소비재,Consumer Staples,Food Products,,,,pending_20261026,pending_20261026,pending_20261026,KRX+Wiki 193 + 7 missing estimated,2026-09-29
090430,아모레퍼시픽,생활소비재,Consumer Staples,Personal Products,,,,pending_20261026,pending_20261026,pending_20261026,KRX+Wiki 193 + 7 missing estimated,2026-09-29
002790,아모레퍼시픽홀딩스,생활소비재,Consumer Staples,Personal Products,,,,pending_20261026,pending_20261026,pending_20261026,KRX+Wiki 193 + 7 missing estimated,2026-09-29
278470,에이피알,생활소비재,Consumer Staples,Personal Products,,,,pending_20261026,pending_20261026,pending_20261026,KRX+Wiki 193 + 7 missing estimated,2026-09-29
007310,오뚜기,생활소비재,Consumer Staples,Food Products,,,,pending_20261026,pending_20261026,pending_20261026,KRX+Wiki 193 + 7 missing estimated,2026-09-29
271560,오리온,생활소비재,Consumer Staples,Food Products,,,,pending_20261026,pending_20261026,pending_20261026,KRX+Wiki 193 + 7 missing estimated,2026-09-29
001800,오리온홀딩스,생활소비재,Consumer Staples,Food Products,,,,pending_20261026,pending_20261026,pending_20261026,KRX+Wiki 193 + 7 missing estimated,2026-09-29
139480,이마트,생활소비재,Consumer Staples,Food & Staples Retail,,,,pending_20261026,pending_20261026,pending_20261026,KRX+Wiki 193 + 7 missing estimated,2026-09-29
071320,지역난방공사,생활소비재,Utilities,Gas Utilities,,,,pending_20261026,pending_20261026,pending_20261026,KRX+Wiki 193 + 7 missing estimated,2026-09-29
192820,코스맥스,생활소비재,Consumer Staples,Personal Products,,,,pending_20261026,pending_20261026,pending_20261026,KRX+Wiki 193 + 7 missing estimated,2026-09-29
000080,하이트진로,생활소비재,Consumer Staples,Beverages,,,,pending_20261026,pending_20261026,pending_20261026,KRX+Wiki 193 + 7 missing estimated,2026-09-29
036460,한국가스공사,생활소비재,Utilities,Gas Utilities,,,,pending_20261026,pending_20261026,pending_20261026,KRX+Wiki 193 + 7 missing estimated,2026-09-29
015760,한국전력,생활소비재,Utilities,Electric Utilities,,,,pending_20261026,pending_20261026,pending_20261026,KRX+Wiki 193 + 7 missing estimated,2026-09-29
161890,한국콜마,생활소비재,Consumer Staples,Personal Products,,,,pending_20261026,pending_20261026,pending_20261026,KRX+Wiki 193 + 7 missing estimated,2026-09-29
078930,GS,에너지·화학,Energy,Oil Gas,,,,pending_20261026,pending_20261026,pending_20261026,KRX+Wiki 193 + 7 missing estimated,2026-09-29
267250,HD현대,에너지·화학,Industrials,Conglomerates,,,,pending_20261026,pending_20261026,pending_20261026,KRX+Wiki 193 + 7 missing estimated,2026-09-29
098050,HS효성첨단소재,에너지·화학,Materials,Chemicals,,,,pending_20261026,pending_20261026,pending_20261026,KRX+Wiki 193 + 7 missing estimated,2026-09-29
051910,LG화학,에너지·화학,Materials,Chemicals,,,,pending_20261026,pending_20261026,pending_20261026,KRX+Wiki 193 + 7 missing estimated,2026-09-29
010060,OCI홀딩스,에너지·화학,Materials,Chemicals,,,,pending_20261026,pending_20261026,pending_20261026,KRX+Wiki 193 + 7 missing estimated,2026-09-29
456040,OCI,에너지·화학,Materials,Chemicals,,,,pending_20261026,pending_20261026,pending_20261026,KRX+Wiki 193 + 7 missing estimated,2026-09-29
010950,S-Oil,에너지·화학,Energy,Oil Gas,,,,pending_20261026,pending_20261026,pending_20261026,KRX+Wiki 193 + 7 missing estimated,2026-09-29
034730,SK,에너지·화학,Industrials,Conglomerates,,,,pending_20261026,pending_20261026,pending_20261026,KRX+Wiki 193 + 7 missing estimated,2026-09-29
011790,SKC,에너지·화학,Materials,Chemicals,,,,pending_20261026,pending_20261026,pending_20261026,KRX+Wiki 193 + 7 missing estimated,2026-09-29
096770,SK이노베이션,에너지·화학,Energy,Oil Gas,,,,pending_20261026,pending_20261026,pending_20261026,KRX+Wiki 193 + 7 missing estimated,2026-09-29
002310,TKG휴켐스,에너지·화학,Materials,Chemicals,,,,pending_20261026,pending_20261026,pending_20261026,KRX+Wiki 193 + 7 missing estimated,2026-09-29
011780,금호석유화학,에너지·화학,Materials,Chemicals,,,,pending_20261026,pending_20261026,pending_20261026,KRX+Wiki 193 + 7 missing estimated,2026-09-29
009830,한화솔루션,에너지·화학,Materials,Chemicals,,,,pending_20261026,pending_20261026,pending_20261026,KRX+Wiki 193 + 7 missing estimated,2026-09-29
014530,대한유화,에너지·화학,Materials,Chemicals,,,,pending_20261026,pending_20261026,pending_20261026,KRX+Wiki 193 + 7 missing estimated,2026-09-29
025860,남해화학,에너지·화학,Materials,Chemicals,,,,pending_20261026,pending_20261026,pending_20261026,KRX+Wiki 193 + 7 missing estimated,2026-09-29
002270,롯데정밀화학,에너지·화학,Materials,Chemicals,,,,pending_20261026,pending_20261026,pending_20261026,KRX+Wiki 193 + 7 missing estimated,2026-09-29
011170,롯데케미칼,에너지·화학,Materials,Chemicals,,,,pending_20261026,pending_20261026,pending_20261026,KRX+Wiki 193 + 7 missing estimated,2026-09-29
107590,미원상사,에너지·화학,Materials,Chemicals,,,,pending_20261026,pending_20261026,pending_20261026,KRX+Wiki 193 + 7 missing estimated,2026-09-29
268280,미원에스씨,에너지·화학,Materials,Chemicals,,,,pending_20261026,pending_20261026,pending_20261026,KRX+Wiki 193 + 7 missing estimated,2026-09-29
060560,이수스페셜티케미컬,에너지·화학,Materials,Chemicals,,,,pending_20261026,pending_20261026,pending_20261026,KRX+Wiki 193 + 7 missing estimated,2026-09-29
120110,코오롱인더,에너지·화학,Materials,Chemicals,,,,pending_20261026,pending_20261026,pending_20261026,KRX+Wiki 193 + 7 missing estimated,2026-09-29
003410,태광산업,에너지·화학,Materials,Chemicals,,,,pending_20261026,pending_20261026,pending_20261026,KRX+Wiki 193 + 7 missing estimated,2026-09-29
025530,한국카본,에너지·화학,Materials,Chemicals,,,,pending_20261026,pending_20261026,pending_20261026,KRX+Wiki 193 + 7 missing estimated,2026-09-29
014830,한솔케미칼,에너지·화학,Materials,Chemicals,,,,pending_20261026,pending_20261026,pending_20261026,KRX+Wiki 193 + 7 missing estimated,2026-09-29
000700,한화,에너지·화학,Industrials,Conglomerates,,,,pending_20261026,pending_20261026,pending_20261026,KRX+Wiki 193 + 7 missing estimated,2026-09-29
271960,효성티앤씨,에너지·화학,Materials,Chemicals,,,,pending_20261026,pending_20261026,pending_20261026,KRX+Wiki 193 + 7 missing estimated,2026-09-29
000660,DB하이텍,정보기술,Information Technology,Semiconductors,,,,pending_20261026,pending_20261026,pending_20261026,KRX+Wiki 193 + 7 missing estimated,2026-09-29
003550,LG,정보기술,Industrials,Conglomerates,,,,pending_20261026,pending_20261026,pending_20261026,KRX+Wiki 193 + 7 missing estimated,2026-09-29
034220,LG디스플레이,정보기술,Information Technology,Electronic Equipment,,,,pending_20261026,pending_20261026,pending_20261026,KRX+Wiki 193 + 7 missing estimated,2026-09-29
064400,LG씨엔에스,정보기술,Information Technology,IT Services,,,,pending_20261026,pending_20261026,pending_20261026,KRX+Wiki 193 + 7 missing estimated,2026-09-29
011070,LG이노텍,정보기술,Information Technology,Electronic Equipment,,,,pending_20261026,pending_20261026,pending_20261026,KRX+Wiki 193 + 7 missing estimated,2026-09-29
066570,LG전자,정보기술,Information Technology,Household Durables,,,,pending_20261026,pending_20261026,pending_20261026,KRX+Wiki 193 + 7 missing estimated,2026-09-29
006400,삼성SDI,정보기술,Information Technology,Electronic Equipment,,,,pending_20261026,pending_20261026,pending_20261026,KRX+Wiki 193 + 7 missing estimated,2026-09-29
028260,삼성SDS,정보기술,Information Technology,IT Services,,,,pending_20261026,pending_20261026,pending_20261026,KRX+Wiki 193 + 7 missing estimated,2026-09-29
009150,삼성전기,정보기술,Information Technology,Electronic Equipment,,,,pending_20261026,pending_20261026,pending_20261026,KRX+Wiki 193 + 7 missing estimated,2026-09-29
005930,삼성전자,정보기술,Information Technology,Semiconductors,,,,pending_20261026,pending_20261026,pending_20261026,KRX+Wiki 193 + 7 missing estimated,2026-09-29
008600,이수페타시스,정보기술,Information Technology,Electronic Equipment,,,,pending_20261026,pending_20261026,pending_20261026,KRX+Wiki 193 + 7 missing estimated,2026-09-29
022100,포스코DX,정보기술,Information Technology,IT Services,,,,pending_20261026,pending_20261026,pending_20261026,KRX+Wiki 193 + 7 missing estimated,2026-09-29
036830,한미반도체,정보기술,Information Technology,Semiconductors,,,,pending_20261026,pending_20261026,pending_20261026,KRX+Wiki 193 + 7 missing estimated,2026-09-29
012510,현대오토에버,정보기술,Information Technology,IT Services,,,,pending_20261026,pending_20261026,pending_20261026,KRX+Wiki 193 + 7 missing estimated,2026-09-29
042700,한미반도체,정보기술,Information Technology,Semiconductors,,,,pending_20261026,pending_20261026,pending_20261026,KRX+Wiki 193 + 7 missing estimated,2026-09-29
267260,HD건설기계,중공업,Industrials,Machinery,,,,pending_20261026,pending_20261026,pending_20261026,KRX+Wiki 193 + 7 missing estimated,2026-09-29
009540,HD한국조선해양,중공업,Industrials,Machinery,,,,pending_20261026,pending_20261026,pending_20261026,KRX+Wiki 193 + 7 missing estimated,2026-09-29
071890,HD현대마린엔진,중공업,Industrials,Machinery,,,,pending_20261026,pending_20261026,pending_20261026,KRX+Wiki 193 + 7 missing estimated,2026-09-29
290720,두산로보틱스,중공업,Industrials,Machinery,,,,pending_20261026,pending_20261026,pending_20261026,KRX+Wiki 193 + 7 missing estimated,2026-09-29
241560,두산밥캣,중공업,Industrials,Machinery,,,,pending_20261026,pending_20261026,pending_20261026,KRX+Wiki 193 + 7 missing estimated,2026-09-29
034020,두산에너빌리티,중공업,Industrials,Machinery,,,,pending_20261026,pending_20261026,pending_20261026,KRX+Wiki 193 + 7 missing estimated,2026-09-29
062040,산일전기,중공업,Industrials,Electrical Equipment,,,,pending_20261026,pending_20261026,pending_20261026,KRX+Wiki 193 + 7 missing estimated,2026-09-29
010140,삼성중공업,중공업,Industrials,Machinery,,,,pending_20261026,pending_20261026,pending_20261026,KRX+Wiki 193 + 7 missing estimated,2026-09-29
112610,씨에스윈드,중공업,Industrials,Electrical Equipment,,,,pending_20261026,pending_20261026,pending_20261026,KRX+Wiki 193 + 7 missing estimated,2026-09-29
042660,한화오션,중공업,Industrials,Machinery,,,,pending_20261026,pending_20261026,pending_20261026,KRX+Wiki 193 + 7 missing estimated,2026-09-29
064350,현대로템,중공업,Industrials,Machinery,,,,pending_20261026,pending_20261026,pending_20261026,KRX+Wiki 193 + 7 missing estimated,2026-09-29
017800,현대엘리베이터,중공업,Industrials,Machinery,,,,pending_20261026,pending_20261026,pending_20261026,KRX+Wiki 193 + 7 missing estimated,2026-09-29
014680,효성중공업,중공업,Industrials,Electrical Equipment,,,,pending_20261026,pending_20261026,pending_20261026,KRX+Wiki 193 + 7 missing estimated,2026-09-29
005490,POSCO홀딩스,철강·소재,Materials,Metals & Mining,,,,pending_20261026,pending_20261026,pending_20261026,KRX+Wiki 193 + 7 missing estimated,2026-09-29
010130,고려아연,철강·소재,Materials,Metals & Mining,,,,pending_20261026,pending_20261026,pending_20261026,KRX+Wiki 193 + 7 missing estimated,2026-09-29
012320,동원시스템즈,철강·소재,Materials,Containers & Packaging,,,,pending_20261026,pending_20261026,pending_20261026,KRX+Wiki 193 + 7 missing estimated,2026-09-29
027970,세아베스틸지주,철강·소재,Materials,Metals & Mining,,,,pending_20261026,pending_20261026,pending_20261026,KRX+Wiki 193 + 7 missing estimated,2026-09-29
003300,세아제강지주,철강·소재,Materials,Metals & Mining,,,,pending_20261026,pending_20261026,pending_20261026,KRX+Wiki 193 + 7 missing estimated,2026-09-29
002030,아세아,철강·소재,Materials,Construction Materials,,,,pending_20261026,pending_20261026,pending_20261026,KRX+Wiki 193 + 7 missing estimated,2026-09-29
003520,영풍,철강·소재,Materials,Metals & Mining,,,,pending_20261026,pending_20261026,pending_20261026,KRX+Wiki 193 + 7 missing estimated,2026-09-29
011320,율촌화학,철강·소재,Materials,Containers & Packaging,,,,pending_20261026,pending_20261026,pending_20261026,KRX+Wiki 193 + 7 missing estimated,2026-09-29
103140,풍산,철강·소재,Materials,Metals & Mining,,,,pending_20261026,pending_20261026,pending_20261026,KRX+Wiki 193 + 7 missing estimated,2026-09-29
004020,현대제철,철강·소재,Materials,Metals & Mining,,,,pending_20261026,pending_20261026,pending_20261026,KRX+Wiki 193 + 7 missing estimated,2026-09-29
030200,KT,커뮤니케이션서비스,Communication Services,Diversified Telecommunication,,,,pending_20261026,pending_20261026,pending_20261026,KRX+Wiki 193 + 7 missing estimated,2026-09-29
032640,LG유플러스,커뮤니케이션서비스,Communication Services,Wireless Telecommunication,,,,pending_20261026,pending_20261026,pending_20261026,KRX+Wiki 193 + 7 missing estimated,2026-09-29
035420,NAVER,커뮤니케이션서비스,Communication Services,Interactive Media,,,,pending_20261026,pending_20261026,pending_20261026,KRX+Wiki 193 + 7 missing estimated,2026-09-29
036570,엔씨소프트,커뮤니케이션서비스,Communication Services,Entertainment,,,,pending_20261026,pending_20261026,pending_20261026,KRX+Wiki 193 + 7 missing estimated,2026-09-29
017670,SK텔레콤,커뮤니케이션서비스,Communication Services,Wireless Telecommunication,,,,pending_20261026,pending_20261026,pending_20261026,KRX+Wiki 193 + 7 missing estimated,2026-09-29
251270,넷마블,커뮤니케이션서비스,Communication Services,Entertainment,,,,pending_20261026,pending_20261026,pending_20261026,KRX+Wiki 193 + 7 missing estimated,2026-09-29
030000,제일기획,커뮤니케이션서비스,Communication Services,Media,,,,pending_20261026,pending_20261026,pending_20261026,KRX+Wiki 193 + 7 missing estimated,2026-09-29
035720,카카오,커뮤니케이션서비스,Communication Services,Interactive Media,,,,pending_20261026,pending_20261026,pending_20261026,KRX+Wiki 193 + 7 missing estimated,2026-09-29
293490,크래프톤,커뮤니케이션서비스,Communication Services,Entertainment,,,,pending_20261026,pending_20261026,pending_20261026,KRX+Wiki 193 + 7 missing estimated,2026-09-29
352820,하이브,커뮤니케이션서비스,Communication Services,Entertainment,,,,pending_20261026,pending_20261026,pending_20261026,KRX+Wiki 193 + 7 missing estimated,2026-09-29
302440,SK바이오사이언스,헬스케어,Health Care,Biotechnology,,,,pending_20261026,pending_20261026,pending_20261026,KRX+Wiki 193 + 7 missing estimated,2026-09-29
326030,SK바이오팜,헬스케어,Health Care,Biotechnology,,,,pending_20261026,pending_20261026,pending_20261026,KRX+Wiki 193 + 7 missing estimated,2026-09-29
006280,녹십자,헬스케어,Health Care,Biotechnology,,,,pending_20261026,pending_20261026,pending_20261026,KRX+Wiki 193 + 7 missing estimated,2026-09-29
069620,대웅제약,헬스케어,Health Care,Pharmaceuticals,,,,pending_20261026,pending_20261026,pending_20261026,KRX+Wiki 193 + 7 missing estimated,2026-09-29
207940,삼성바이오로직스,헬스케어,Health Care,Biotechnology,,,,pending_20261026,pending_20261026,pending_20261026,KRX+Wiki 193 + 7 missing estimated,2026-09-29
328990,삼성에피스홀딩스,헬스케어,Health Care,Biotechnology,,,,pending_20261026,pending_20261026,pending_20261026,KRX+Wiki 193 + 7 missing estimated,2026-09-29
068270,셀트리온,헬스케어,Health Care,Biotechnology,,,,pending_20261026,pending_20261026,pending_20261026,KRX+Wiki 193 + 7 missing estimated,2026-09-29
137310,에스디바이오센서,헬스케어,Health Care,Health Care Equipment,,,,pending_20261026,pending_20261026,pending_20261026,KRX+Wiki 193 + 7 missing estimated,2026-09-29
100060,유한양행,헬스케어,Health Care,Pharmaceuticals,,,,pending_20261026,pending_20261026,pending_20261026,KRX+Wiki 193 + 7 missing estimated,2026-09-29
185750,종근당,헬스케어,Health Care,Pharmaceuticals,,,,pending_20261026,pending_20261026,pending_20261026,KRX+Wiki 193 + 7 missing estimated,2026-09-29
008930,한미사이언스,헬스케어,Health Care,Pharmaceuticals,,,,pending_20261026,pending_20261026,pending_20261026,KRX+Wiki 193 + 7 missing estimated,2026-09-29
128940,한미약품,헬스케어,Health Care,Pharmaceuticals,,,,pending_20261026,pending_20261026,pending_20261026,KRX+Wiki 193 + 7 missing estimated,2026-09-29
009420,한올바이오파마,헬스케어,Health Care,Biotechnology,,,,pending_20261026,pending_20261026,pending_20261026,KRX+Wiki 193 + 7 missing estimated,2026-09-29
086520,에코프로,에너지·화학,Materials,Chemicals,,,,pending_20261026,pending_20261026,pending_20261026,KRX+Wiki 193 + 7 missing estimated,2026-09-29
247540,에코프로비엠,에너지·화학,Materials,Chemicals,,,,pending_20261026,pending_20261026,pending_20261026,KRX+Wiki 193 + 7 missing estimated,2026-09-29
005070,코스모신소재,에너지·화학,Materials,Chemicals,,,,pending_20261026,pending_20261026,pending_20261026,KRX+Wiki 193 + 7 missing estimated,2026-09-29
001570,금양,에너지·화학,Materials,Chemicals,,,,pending_20261026,pending_20261026,pending_20261026,KRX+Wiki 193 + 7 missing estimated,2026-09-29
028300,HLB,헬스케어,Health Care,Biotechnology,,,,pending_20261026,pending_20261026,pending_20261026,KRX+Wiki 193 + 7 missing estimated,2026-09-29
196170,알테오젠,헬스케어,Health Care,Biotechnology,,,,pending_20261026,pending_20261026,pending_20261026,KRX+Wiki 193 + 7 missing estimated,2026-09-29
000100,유한양행,헬스케어,Health Care,Pharmaceuticals,,,,pending_20261026,pending_20261026,pending_20261026,KRX+Wiki 193 + 7 missing estimated,2026-09-29
